<?xml version="1.0" encoding="utf-8" ?>
		<hibernate-mapping xmlns="urn:nhibernate-mapping-2.2"
		                   assembly="InariPlaysGenNHibernate"
		                   namespace="InariPlaysGenNHibernate.EN.Prueba">
			<class name="LiniaPedidoEN" table="[LiniaPedido]">
						<id name="Numero" column="[numero]"/>
					<property name="Cantidad" type="integer"> 
						<column name="[cantidad]"  not-null="true"/>
					</property>
			
			
			
		  			
						<many-to-one name="Pedido" class="InariPlaysGenNHibernate.EN.Prueba.PedidoEN" >	
								<column name="[FK_pedidoId_idPedido]"/>
						</many-to-one>
											 					
			
		  			
						<many-to-one name="Producto" class="InariPlaysGenNHibernate.EN.Prueba.ProductoEN" >	
								<column name="[FK_productoId_idProducto]"/>
						</many-to-one>
											 					
					
					
					
					
		
		  </class>
		  
		  <query name="LiniaPedidoENReadAllHQL">from LiniaPedidoEN</query>
		</hibernate-mapping>
	