<?xml version="1.0" encoding="utf-8" ?>
		<hibernate-mapping xmlns="urn:nhibernate-mapping-2.2"
		                   assembly="InariPlaysGenNHibernate"
		                   namespace="InariPlaysGenNHibernate.EN.Prueba">
			<class name="ProductoEN" table="[Producto]">
						<id name="ProductoId" column="[productoId]"/>
					<property name="Nombre" type="string"> 
						<column name="[nombre]"  not-null="true"/>
					</property>
					<property name="Descripcion" type="string"> 
						<column name="[descripcion]"  not-null="true"/>
					</property>
					<property name="Precio" type="float"> 
						<column name="[precio]"  not-null="true"/>
					</property>
					<property name="Stock" type="integer"> 
						<column name="[stock]"  not-null="true"/>
					</property>
			
			
			
			
			
			
		  			
						<bag name="LiniaPedido" >
							<key>
								<column name="[FK_productoId_idProducto]"/>
					      	</key>
							<one-to-many class="InariPlaysGenNHibernate.EN.Prueba.LiniaPedidoEN"/>
					    </bag>
					
			
		  			
						<bag name="Cesta" table="[producto_cesta]"  >
							<key>
									<column name="[FK_productoId_idProducto]"/>
							</key>
      						<many-to-many class="InariPlaysGenNHibernate.EN.Prueba.CestaEN">
									<column name="[FK_Iden_idCesta]"/>
      						</many-to-many>
    					</bag>
			
		  			
						<many-to-one name="Videojuego" class="InariPlaysGenNHibernate.EN.Prueba.VideojuegoEN" >	
								<column name="[FK_videojuegoIdVideojuego_idVideojuego]"/>
						</many-to-one>
											 					
			
		  			
						<many-to-one name="Musica" class="InariPlaysGenNHibernate.EN.Prueba.MusicaEN" >	
								<column name="[FK_musicaIdMusica_idMusica]"/>
						</many-to-one>
											 					
			
		  			
						<many-to-one name="Merchandising" class="InariPlaysGenNHibernate.EN.Prueba.MerchandisingEN" >	
								<column name="[FK_merchandisingIdMerchandising_idMerchandising]"/>
						</many-to-one>
											 					
			
		  			
						<many-to-one name="Pelicula" class="InariPlaysGenNHibernate.EN.Prueba.PeliculaEN" >	
								<column name="[FK_peliculaIdPelicula_idPelicula]"/>
						</many-to-one>
											 					
					
					
					
					
					
					
					
					
					
					
					
		
		  </class>
		  
		  <query name="ProductoENReadAllHQL">from ProductoEN</query>
		</hibernate-mapping>
	