<?xml version="1.0" encoding="utf-8" ?>
		<hibernate-mapping xmlns="urn:nhibernate-mapping-2.2"
		                   assembly="InariPlaysGenNHibernate"
		                   namespace="InariPlaysGenNHibernate.EN.Prueba">
			<class name="AdministradorEN" table="[Administrador]">
				  	
						<id name="Id" column="[idAdministrador]" type="integer">
							<generator class="identity"/>
						</id>
					<property name="Nombre" type="string"> 
						<column name="[nombre]"  not-null="true"/>
					</property>
					<property name="Apellidos" type="string"> 
						<column name="[apellidos]"  not-null="true"/>
					</property>
					<property name="Password" type="string"> 
						<column name="[password]"  not-null="true"/>
					</property>
			
			
			
			
					
					
					
					
		
		  </class>
		  
		  <query name="AdministradorENReadAllHQL">from AdministradorEN</query>
		</hibernate-mapping>
	