<?xml version="1.0" encoding="utf-8" ?>
		<hibernate-mapping xmlns="urn:nhibernate-mapping-2.2"
		                   assembly="BibliotecaENIACGenNHibernate"
		                   namespace="BibliotecaENIACGenNHibernate.EN.BibliotecaENIAC">
			<class name="DesiderataEN" table="[Desiderata]">
				  	
						<id name="Id" column="[idDesiderata]" type="integer">
							<generator class="identity"/>
						</id>
					<property name="Autor" type="string"> 
						<column name="[autor]"  not-null="true"/>
					</property>
					<property name="Titulo" type="string"> 
						<column name="[titulo]"  not-null="true"/>
					</property>
					<property name="Editorial" type="string"> 
						<column name="[editorial]"  not-null="true"/>
					</property>
					<property name="Año" type="short"> 
						<column name="[año]"  not-null="true"/>
					</property>
					<property name="Aceptada" type="boolean"> 
						<column name="[aceptada]"  not-null="true"/>
					</property>
			
			
			
			
			
			
		  			
						<many-to-one name="Usuario" class="BibliotecaENIACGenNHibernate.EN.BibliotecaENIAC.UsuarioEN" >	
								<column name="[FK_DNIUsuario_idUsuario]"/>
						</many-to-one>
											 					
			
			
		  			
						<many-to-one name="PAS" class="BibliotecaENIACGenNHibernate.EN.BibliotecaENIAC.PASEN" >	
								<column name="[FK_DNIUsuario_idPAS]"/>
						</many-to-one>
											 					
					
					
					
					
					
					
					
					
		
		  </class>
		  
		  <query name="DesiderataENReadAllHQL">from DesiderataEN</query>
		  <query name="DesiderataENlistaDesideratasPendientesHQL"><![CDATA[FROM DesiderataEN]]></query>
		</hibernate-mapping>
	