<?xml version="1.0" encoding="utf-8" ?>
		<hibernate-mapping xmlns="urn:nhibernate-mapping-2.2"
		                   assembly="BibliotecaENIACGenNHibernate"
		                   namespace="BibliotecaENIACGenNHibernate.EN.BibliotecaENIAC">
			<class name="ObraEN" table="[Obra]">
						<id name="Isbn" column="[IsbnObra]"/>
					<property name="Nombre" type="string"> 
						<column name="[nombre]"  not-null="true"/>
					</property>
					<property name="Paginas" type="short"> 
						<column name="[paginas]"  not-null="true"/>
					</property>
					<property name="Anyo" type="short"> 
						<column name="[anyo]"  not-null="true"/>
					</property>
					<property name="Imagen" type="string"> 
						<column name="[imagen]"  not-null="true"/>
					</property>
			
			
			
			
		  			
						<bag name="Reserva" table="[obra_reserva]"  >
							<key>
									<column name="[FK_IsbnObra_idObra]"/>
							</key>
      						<many-to-many class="BibliotecaENIACGenNHibernate.EN.BibliotecaENIAC.ReservaEN">
									<column name="[FK_idReservaReserva_idReserva]"/>
      						</many-to-many>
    					</bag>
			
		  			
						<bag name="Escrita" table="[autor_obra]" inverse="true" >
							<key>
									<column name="[FK_IsbnObra_idObra]"/>
							</key>
      						<many-to-many class="BibliotecaENIACGenNHibernate.EN.BibliotecaENIAC.AutorEN">
									<column name="[FK_nombre_idEs escrita]"/>
      						</many-to-many>
    					</bag>
			
		  			
						<bag name="Tematica" table="[tematica_obra]" inverse="true" >
							<key>
									<column name="[FK_IsbnObra_idObra]"/>
							</key>
      						<many-to-many class="BibliotecaENIACGenNHibernate.EN.BibliotecaENIAC.TematicaEN">
									<column name="[FK_nombre_idTematica]"/>
      						</many-to-many>
    					</bag>
			
		  			
						<bag name="Ejemplar" >
							<key>
								<column name="[FK_IsbnObra_idObra]"/>
					      	</key>
							<one-to-many class="BibliotecaENIACGenNHibernate.EN.BibliotecaENIAC.EjemplarEN"/>
					    </bag>
					
			
			
					
					
					
					
					
					
					
					
					
		
		  </class>
		  
		  <query name="ObraENReadAllHQL">from ObraEN</query>
		  <query name="ObraENbuscaPorNombreHQL"><![CDATA[FROM ObraEN]]></query>
		  <query name="ObraENbuscaPorAutorHQL"><![CDATA[FROM ObraEN]]></query>
		  <query name="ObraENbuscaPorTematicaHQL"><![CDATA[FROM ObraEN]]></query>
		</hibernate-mapping>
	