<?xml version="1.0" encoding="utf-8" ?>
		<hibernate-mapping xmlns="urn:nhibernate-mapping-2.2"
		                   assembly="BibliotecaENIACGenNHibernate"
		                   namespace="BibliotecaENIACGenNHibernate.EN.BibliotecaENIAC">
				
<joined-subclass name="PASEN" extends="BibliotecaENIACGenNHibernate.EN.BibliotecaENIAC.UsuarioEN" table="[PAS]">
	<key>
    		<column name="[DNIUsuario]"/>
   	</key>

			
		  			
						<many-to-one name="Director" class="BibliotecaENIACGenNHibernate.EN.BibliotecaENIAC.DirectorEN" >	
								<column name="[FK_DNIUsuario_idDirector]"/>
						</many-to-one>
											 					
			
		  			
						<bag name="Acepta" >
							<key>
								<column name="[FK_DNIUsuario_idPAS]"/>
					      	</key>
							<one-to-many class="BibliotecaENIACGenNHibernate.EN.BibliotecaENIAC.DesiderataEN"/>
					    </bag>
					
					
					
		
		  </joined-subclass>	
		  
		  <query name="PASENReadAllHQL">from PASEN</query>
		</hibernate-mapping>
	