<?xml version="1.0" encoding="utf-8" ?>
		<hibernate-mapping xmlns="urn:nhibernate-mapping-2.2"
		                   assembly="BibliotecaENIACGenNHibernate"
		                   namespace="BibliotecaENIACGenNHibernate.EN.BibliotecaENIAC">
			<class name="TematicaEN" table="[Tematica]">
						<id name="Nombre" column="[nombre]"/>
			
			
		  			
						<bag name="Obra" table="[tematica_obra]"  >
							<key>
									<column name="[FK_nombre_idTematica]"/>
							</key>
      						<many-to-many class="BibliotecaENIACGenNHibernate.EN.BibliotecaENIAC.ObraEN">
									<column name="[FK_IsbnObra_idObra]"/>
      						</many-to-many>
    					</bag>
			
		  			
						<bag name="Rec" >
							<key>
								<column name="[FK_nombre_idTem]"/>
					      	</key>
							<one-to-many class="BibliotecaENIACGenNHibernate.EN.BibliotecaENIAC.BibliografiaRecomendadaEN"/>
					    </bag>
					
					
					
					
		
		  </class>
		  
		  <query name="TematicaENReadAllHQL">from TematicaEN</query>
		  <query name="TematicaENbuscarTematicaHQL"><![CDATA[FROM TematicaEN]]></query>
		</hibernate-mapping>
	